{
    "accuracy": 0.9350190573579994,
    "report": {
        "Phishing": {
            "precision": 0.0,
            "recall": 0.0,
            "f1-score": 0.0,
            "support": 362.0
        },
        "Type": {
            "precision": 0.0,
            "recall": 0.0,
            "f1-score": 0.0,
            "support": 1.0
        },
        "ham": {
            "precision": 0.9961468479075244,
            "recall": 0.965356290841199,
            "f1-score": 0.9805099030762747,
            "support": 9641.0
        },
        "spam": {
            "precision": 0.5311173974540311,
            "recall": 0.99734395750332,
            "f1-score": 0.6931241347485002,
            "support": 753.0
        },
        "accuracy": 0.9350190573579994,
        "macro avg": {
            "precision": 0.38181606134038887,
            "recall": 0.49067506208612977,
            "f1-score": 0.41840850945619373,
            "support": 10757.0
        },
        "weighted avg": {
            "precision": 0.929978912425335,
            "recall": 0.9350190573579994,
            "f1-score": 0.9273048665077609,
            "support": 10757.0
        }
    },
    "confusion_matrix": [
        [
            0,
            0,
            33,
            329
        ],
        [
            0,
            0,
            1,
            0
        ],
        [
            0,
            0,
            9307,
            334
        ],
        [
            0,
            0,
            2,
            751
        ]
    ]
}